"id","text"
"2000546777213407660","Payday Sale | HP Smart Ink Tank A4 Color Printer — buy here: https://t.co/OtwzvcWM64 wts lfb https://t.co/S8rQhGPrUh"
"2000520725225226657","HP Smart Tank vs HP LaserJet Printers. Which is right for your home or office in Chennai? Learn how printing cost, speed &amp; usage differ for Smart Tank and LaserJet printers. https://t.co/4j6ceb81Hy 📞 Call now: 73058 72220 #HPPrinters #HPSmartTank #HPLaserJet #Chennai"
"2000456358169354682","My HP Smart Tank 750 remains non-functional after multiple part replacements. HP admits no visibility once device reaches service center. Requesting CNR &amp; immediate replacement. Case ID: 5151642427 #enrique_lores #HPIndia #HPSupport #CustomerExperience #ServiceFailure"
"2000403590171820203","Payday (12NN) | HP Smart Ink Tank A4 Color Printer — buy here:  https://t.co/cyrBhBJg4r wts lfb https://t.co/kNda6iVLJq"
"2000271379762151651","Hi @amazonIN, My HP Smart Tank 589 Printer, (Od no 171-6173664-6885165), delivered on 13-12-25, contains an incorrect print cartridge. Maney replacement requests attempts failed, indicating serious service deficiency. please resolve immediately by arranging a correct replacement. https://t.co/bs4QDtZqP1"
"1999870175437369548","Avail 21% Off On HP Smart Tank 589 All-in-One WiFi Colour Printer |Up to 4000 Black &amp; 6000 Colour Prints I Print,Scan &amp; Copy MRP: Rs 16,937 Deal Price: Rs 13,299 Link: https://t.co/8MohwYMNDI #Ad"
"1999860738480112051","HP Smart Tank 589 All-in-One WiFi Colour Printer |Up to 4000 Black &amp; 6000 Colour Prints I Print,Scan &amp; Copy MRP: Rs 16,937 Deal Price: Rs 13,299 Link: https://t.co/sAmGogQugz #Ad"
"1999821079343157668","HP Smart Tank 581 Wireless All in One Catridge free printer @  950k💥 https://t.co/YzivfV22bq https://t.co/KbBkHeMMh5"
"1999639004103475246","HP Smart Tank Plus 570 Wireless All-in-One Ink Tank Printer with up to 2 Years of Ink Included (5HX14A) https://t.co/Y5A2O3IjMJ"
"1999333455935803754","Print big savings! HP Smart Tank 5101 $189.89, save 27%! #PrintSmart https://t.co/aOXmGXoeTZ https://t.co/rBt1lOcSQZ"